epidemiological_week,date,order_for_place,state,city,city_ibge_code,place_type,last_available_confirmed,last_available_confirmed_per_100k_inhabitants,new_confirmed,last_available_deaths,new_deaths,last_available_death_rate,estimated_population,is_last,is_repeated
202107,2021-02-16,338,CE,,23,state,397442,4326.08625,947,10850,14,0.0273,9187103,True,False
202107,2021-02-15,337,CE,,23,state,396495,4315.77833,1589,10836,2,0.0273,9187103,False,False
202107,2021-02-14,336,CE,,23,state,394906,4298.48234,1256,10834,12,0.0274,9187103,False,False
202106,2021-02-13,335,CE,,23,state,393650,4284.811,2793,10822,81,0.0275,9187103,False,False
202106,2021-02-12,334,CE,,23,state,390857,4254.40969,0,10741,0,0.0275,9187103,False,False
202106,2021-02-11,333,CE,,23,state,390857,4254.40969,2808,10741,71,0.0275,9187103,False,False
202106,2021-02-10,332,CE,,23,state,388049,4223.8451,965,10670,18,0.0275,9187103,False,False
202106,2021-02-09,331,CE,,23,state,387084,4213.34125,2265,10652,33,0.0275,9187103,False,False
202106,2021-02-08,330,CE,,23,state,384819,4188.68712,2222,10619,7,0.0276,9187103,False,False
202106,2021-02-07,329,CE,,23,state,382597,4164.50104,0,10612,0,0.0277,9187103,False,False
202105,2021-02-06,328,CE,,23,state,382597,4164.50104,1604,10612,9,0.0277,9187103,False,False
202105,2021-02-05,327,CE,,23,state,380993,4147.04178,1440,10603,26,0.0278,9187103,False,False
202105,2021-02-04,326,CE,,23,state,379553,4131.36764,1362,10577,21,0.0279,9187103,False,False
202105,2021-02-03,325,CE,,23,state,378191,4116.54251,1563,10556,46,0.0279,9187103,False,False
202105,2021-02-02,324,CE,,23,state,376628,4099.52953,1604,10510,24,0.0279,9187103,False,False
202105,2021-02-01,323,CE,,23,state,375024,4082.07027,1413,10486,9,0.028,9187103,False,False
202105,2021-01-31,322,CE,,23,state,373611,4066.69001,3311,10477,12,0.028,9187103,False,False
202104,2021-01-30,321,CE,,23,state,370300,4030.65036,0,10465,0,0.0283,9187103,False,False
202104,2021-01-29,320,CE,,23,state,370300,4030.65036,1055,10465,16,0.0283,9187103,False,False
202104,2021-01-28,319,CE,,23,state,369245,4019.16687,1523,10449,26,0.0283,9187103,False,False
202104,2021-01-27,318,CE,,23,state,367722,4002.58928,933,10423,43,0.0283,9187103,False,False
202104,2021-01-26,317,CE,,23,state,366789,3992.43374,1149,10380,17,0.0283,9187103,False,False
202104,2021-01-25,316,CE,,23,state,365640,3979.92708,1673,10363,31,0.0283,9187103,False,False
202104,2021-01-24,315,CE,,23,state,363967,3961.71677,1616,10332,1,0.0284,9187103,False,False
202103,2021-01-23,314,CE,,23,state,362351,3944.12689,1378,10331,11,0.0285,9187103,False,False
202103,2021-01-22,313,CE,,23,state,360973,3929.1276,1295,10320,21,0.0286,9187103,False,False
202103,2021-01-21,312,CE,,23,state,359678,3915.03176,1274,10299,38,0.0286,9187103,False,False
202103,2021-01-20,311,CE,,23,state,358404,3901.16449,1419,10261,18,0.0286,9187103,False,False
202103,2021-01-19,310,CE,,23,state,356985,3885.71893,868,10243,3,0.0287,9187103,False,False
202103,2021-01-18,309,CE,,23,state,356117,3876.2709,2138,10240,17,0.0288,9187103,False,False
202103,2021-01-17,308,CE,,23,state,353979,3852.99914,0,10223,0,0.0289,9187103,False,False
202102,2021-01-16,307,CE,,23,state,353979,3852.99914,2248,10223,3,0.0289,9187103,False,False
202102,2021-01-15,306,CE,,23,state,351731,3828.53006,1160,10220,11,0.0291,9187103,False,False
202102,2021-01-14,305,CE,,23,state,350571,3815.90366,1659,10209,5,0.0291,9187103,False,False
202102,2021-01-13,304,CE,,23,state,348912,3797.84574,1394,10204,29,0.0292,9187103,False,False
202102,2021-01-12,303,CE,,23,state,347518,3782.6723,2283,10175,13,0.0293,9187103,False,False
202102,2021-01-11,302,CE,,23,state,345235,3757.82224,233,10162,3,0.0294,9187103,False,False
202102,2021-01-10,301,CE,,23,state,345002,3755.28608,325,10159,9,0.0294,9187103,False,False
202101,2021-01-09,300,CE,,23,state,344677,3751.74851,790,10150,13,0.0294,9187103,False,False
202101,2021-01-08,299,CE,,23,state,343887,3743.1495,1686,10137,31,0.0295,9187103,False,False
202101,2021-01-07,298,CE,,23,state,342201,3724.79769,1889,10106,44,0.0295,9187103,False,False
202101,2021-01-06,297,CE,,23,state,340312,3704.23625,1269,10062,9,0.0296,9187103,False,False
202101,2021-01-05,296,CE,,23,state,339043,3690.42341,2068,10053,28,0.0297,9187103,False,False
202101,2021-01-04,295,CE,,23,state,336975,3667.9136,212,10025,1,0.0297,9187103,False,False
202101,2021-01-03,294,CE,,23,state,336763,3665.60601,189,10024,9,0.0298,9187103,False,False
202053,2021-01-02,293,CE,,23,state,336574,3663.54878,70,10015,11,0.0298,9187103,False,False
202053,2021-01-01,292,CE,,23,state,336504,3662.78684,512,10004,11,0.0297,9187103,False,False
202053,2020-12-31,291,CE,,23,state,335992,3657.21381,3085,9993,7,0.0297,9187103,False,False
202053,2020-12-30,290,CE,,23,state,332907,3623.63413,1921,9986,15,0.03,9187103,False,False
202053,2020-12-29,289,CE,,23,state,330986,3602.72438,1090,9971,11,0.0301,9187103,False,False
202053,2020-12-28,288,CE,,23,state,329896,3590.85993,1914,9960,8,0.0302,9187103,False,False
202053,2020-12-27,287,CE,,23,state,327982,3570.02637,117,9952,0,0.0303,9187103,False,False
202052,2020-12-26,286,CE,,23,state,327865,3568.75285,33,9952,0,0.0304,9187103,False,False
202052,2020-12-25,285,CE,,23,state,327832,3568.39365,692,9952,0,0.0304,9187103,False,False
202052,2020-12-24,284,CE,,23,state,327140,3560.86135,621,9952,5,0.0304,9187103,False,False
202052,2020-12-23,283,CE,,23,state,326519,3554.10188,635,9947,8,0.0305,9187103,False,False
202052,2020-12-22,282,CE,,23,state,325884,3547.19001,990,9939,12,0.0305,9187103,False,False
202052,2020-12-21,281,CE,,23,state,324894,3536.41404,953,9927,11,0.0306,9187103,False,False
202052,2020-12-20,280,CE,,23,state,323941,3526.0408,435,9916,4,0.0306,9187103,False,False
202051,2020-12-19,279,CE,,23,state,323506,3521.3059,645,9912,3,0.0306,9187103,False,False
202051,2020-12-18,278,CE,,23,state,322861,3514.28519,970,9909,12,0.0307,9187103,False,False
202051,2020-12-17,277,CE,,23,state,321891,3503.72691,1206,9897,22,0.0307,9187103,False,False
202051,2020-12-16,276,CE,,23,state,320685,3490.59981,696,9875,18,0.0308,9187103,False,False
202051,2020-12-15,275,CE,,23,state,319989,3483.02397,3308,9857,55,0.0308,9187103,False,False
202051,2020-12-14,274,CE,,23,state,316681,3447.01698,745,9802,16,0.031,9187103,False,False
202051,2020-12-13,273,CE,,23,state,315936,3438.90778,1262,9786,12,0.031,9187103,False,False
202050,2020-12-12,272,CE,,23,state,314674,3425.17113,0,9774,0,0.0311,9187103,False,False
202050,2020-12-11,271,CE,,23,state,314674,3425.17113,913,9774,2,0.0311,9187103,False,False
202050,2020-12-10,270,CE,,23,state,313761,3415.23329,1693,9772,10,0.0311,9187103,False,False
202050,2020-12-09,269,CE,,23,state,312068,3396.80528,2900,9762,24,0.0313,9187103,False,False
202050,2020-12-08,268,CE,,23,state,309168,3365.23929,895,9738,1,0.0315,9187103,False,False
202050,2020-12-07,267,CE,,23,state,308273,3355.49737,3633,9737,33,0.0316,9187103,False,False
202050,2020-12-06,266,CE,,23,state,304640,3315.95281,197,9704,11,0.0319,9187103,False,False
202049,2020-12-05,265,CE,,23,state,304443,3313.8085,575,9693,10,0.0318,9187103,False,False
202049,2020-12-04,264,CE,,23,state,303868,3307.54972,700,9683,26,0.0319,9187103,False,False
202049,2020-12-03,263,CE,,23,state,303168,3299.93035,1366,9657,17,0.0319,9187103,False,False
202049,2020-12-02,262,CE,,23,state,301802,3285.06168,196,9640,2,0.0319,9187103,False,False
202049,2020-12-01,261,CE,,23,state,301606,3282.92825,355,9638,10,0.032,9187103,False,False
202049,2020-11-30,260,CE,,23,state,301251,3279.06414,1117,9628,21,0.032,9187103,False,False
202049,2020-11-29,259,CE,,23,state,300134,3266.90579,544,9607,0,0.032,9187103,False,False
202048,2020-11-28,258,CE,,23,state,299590,3260.98445,1278,9607,9,0.0321,9187103,False,False
202048,2020-11-27,257,CE,,23,state,298312,3247.07364,519,9598,33,0.0322,9187103,False,False
202048,2020-11-26,256,CE,,23,state,297793,3241.42442,2518,9565,33,0.0321,9187103,False,False
202048,2020-11-25,255,CE,,23,state,295275,3214.01643,1159,9532,10,0.0323,9187103,False,False
202048,2020-11-24,254,CE,,23,state,294116,3201.40092,867,9522,8,0.0324,9187103,False,False
202048,2020-11-23,253,CE,,23,state,293249,3191.96378,1632,9514,29,0.0324,9187103,False,False
202048,2020-11-22,252,CE,,23,state,291617,3174.19975,305,9485,-2,0.0325,9187103,False,False
202047,2020-11-21,251,CE,,23,state,291312,3170.87987,828,9487,0,0.0326,9187103,False,False
202047,2020-11-20,250,CE,,23,state,290484,3161.86724,934,9487,14,0.0327,9187103,False,False
202047,2020-11-19,249,CE,,23,state,289550,3151.70081,1056,9473,7,0.0327,9187103,False,False
202047,2020-11-18,248,CE,,23,state,288494,3140.20644,865,9466,18,0.0328,9187103,False,False
202047,2020-11-17,247,CE,,23,state,287629,3130.79107,955,9448,5,0.0328,9187103,False,False
202047,2020-11-16,246,CE,,23,state,286674,3120.39606,1008,9443,4,0.0329,9187103,False,False
202047,2020-11-15,245,CE,,23,state,285666,3109.42416,1458,9439,0,0.033,9187103,False,False
202046,2020-11-14,244,CE,,23,state,284208,3093.55408,745,9439,4,0.0332,9187103,False,False
202046,2020-11-13,243,CE,,23,state,283463,3085.44489,992,9435,5,0.0333,9187103,False,False
202046,2020-11-12,242,CE,,23,state,282471,3074.64714,2482,9430,12,0.0334,9187103,False,False
202046,2020-11-11,241,CE,,23,state,279989,3047.63101,667,9418,2,0.0336,9187103,False,False
202046,2020-11-10,240,CE,,23,state,279322,3040.37083,336,9416,9,0.0337,9187103,False,False
202046,2020-11-09,239,CE,,23,state,278986,3036.71353,636,9407,5,0.0337,9187103,False,False
202046,2020-11-08,238,CE,,23,state,278350,3029.79078,297,9402,7,0.0338,9187103,False,False
202045,2020-11-07,237,CE,,23,state,278053,3026.55799,801,9395,2,0.0338,9187103,False,False
202045,2020-11-06,236,CE,,23,state,277252,3017.83925,180,9393,1,0.0339,9187103,False,False
202045,2020-11-05,235,CE,,23,state,277072,3015.87998,1060,9392,7,0.0339,9187103,False,False
202045,2020-11-04,234,CE,,23,state,276012,3004.34207,987,9385,20,0.034,9187103,False,False
202045,2020-11-03,233,CE,,23,state,275025,2993.59874,352,9365,3,0.0341,9187103,False,False
202045,2020-11-02,232,CE,,23,state,274673,2989.76729,332,9362,2,0.0341,9187103,False,False
202045,2020-11-01,231,CE,,23,state,274341,2986.15352,156,9360,7,0.0341,9187103,False,False
202044,2020-10-31,230,CE,,23,state,274185,2984.45549,442,9353,9,0.0341,9187103,False,False
202044,2020-10-30,229,CE,,23,state,273743,2979.6444,549,9344,9,0.0341,9187103,False,False
202044,2020-10-29,228,CE,,23,state,273194,2973.66863,904,9335,9,0.0342,9187103,False,False
202044,2020-10-28,227,CE,,23,state,272290,2963.82875,725,9326,3,0.0343,9187103,False,False
202044,2020-10-27,226,CE,,23,state,271565,2955.93725,698,9323,30,0.0343,9187103,False,False
202044,2020-10-26,225,CE,,23,state,270867,2948.33965,489,9293,34,0.0343,9187103,False,False
202044,2020-10-25,224,CE,,23,state,270378,2943.01697,308,9259,11,0.0342,9187103,False,False
202043,2020-10-24,223,CE,,23,state,270070,2939.66444,815,9248,3,0.0342,9187103,False,False
202043,2020-10-23,222,CE,,23,state,269255,2930.79331,910,9245,2,0.0343,9187103,False,False
202043,2020-10-22,221,CE,,23,state,268345,2920.88812,624,9243,0,0.0344,9187103,False,False
202043,2020-10-21,220,CE,,23,state,267721,2914.09599,1405,9243,16,0.0345,9187103,False,False
202043,2020-10-20,219,CE,,23,state,266316,2898.80281,441,9227,10,0.0346,9187103,False,False
202043,2020-10-19,218,CE,,23,state,265875,2894.0026,773,9217,7,0.0347,9187103,False,False
202043,2020-10-18,217,CE,,23,state,265102,2885.58863,857,9210,3,0.0347,9187103,False,False
202042,2020-10-17,216,CE,,23,state,264245,2876.26034,73,9207,5,0.0348,9187103,False,False
202042,2020-10-16,215,CE,,23,state,264172,2875.46575,1341,9202,3,0.0348,9187103,False,False
202042,2020-10-15,214,CE,,23,state,262831,2860.8692,1327,9199,15,0.035,9187103,False,False
202042,2020-10-14,213,CE,,23,state,261504,2846.42504,862,9184,44,0.0351,9187103,False,False
202042,2020-10-13,212,CE,,23,state,260642,2837.04232,306,9140,5,0.0351,9187103,False,False
202042,2020-10-12,211,CE,,23,state,260336,2833.71156,182,9135,1,0.0351,9187103,False,False
202042,2020-10-11,210,CE,,23,state,260154,2831.73052,387,9134,1,0.0351,9187103,False,False
202041,2020-10-10,209,CE,,23,state,259767,2827.5181,1025,9133,4,0.0352,9187103,False,False
202041,2020-10-09,208,CE,,23,state,258742,2816.36115,386,9129,5,0.0353,9187103,False,False
202041,2020-10-08,207,CE,,23,state,258356,2812.15961,947,9124,20,0.0353,9187103,False,False
202041,2020-10-07,206,CE,,23,state,257409,2801.85168,1377,9104,14,0.0354,9187103,False,False
202041,2020-10-06,205,CE,,23,state,256032,2786.86328,1444,9090,23,0.0355,9187103,False,False
202041,2020-10-05,204,CE,,23,state,254588,2771.14559,11497,9067,13,0.0356,9187103,False,False
202041,2020-10-04,203,CE,,23,state,243091,2646.00277,271,9054,3,0.0372,9187103,False,False
202040,2020-10-03,202,CE,,23,state,242820,2643.05298,330,9051,4,0.0373,9187103,False,False
202040,2020-10-02,201,CE,,23,state,242490,2639.46099,469,9047,0,0.0373,9187103,False,False
202040,2020-10-01,200,CE,,23,state,242021,2634.35601,862,9047,53,0.0374,9187103,False,False
202040,2020-09-30,199,CE,,23,state,241159,2624.97329,1020,8994,37,0.0373,9187103,False,False
202040,2020-09-29,198,CE,,23,state,240139,2613.87077,674,8957,9,0.0373,9187103,False,False
202040,2020-09-28,197,CE,,23,state,239465,2606.5344,403,8948,27,0.0374,9187103,False,False
202040,2020-09-27,196,CE,,23,state,239062,2602.14782,480,8921,3,0.0373,9187103,False,False
202039,2020-09-26,195,CE,,23,state,238582,2596.9231,725,8918,13,0.0374,9187103,False,False
202039,2020-09-25,194,CE,,23,state,237857,2589.0316,710,8905,14,0.0374,9187103,False,False
202039,2020-09-24,193,CE,,23,state,237147,2581.30338,556,8891,15,0.0375,9187103,False,False
202039,2020-09-23,192,CE,,23,state,236591,2575.25141,1369,8876,26,0.0375,9187103,False,False
202039,2020-09-22,191,CE,,23,state,235222,2560.35009,1102,8850,16,0.0376,9187103,False,False
202039,2020-09-21,190,CE,,23,state,234120,2548.35501,229,8834,19,0.0377,9187103,False,False
202039,2020-09-20,189,CE,,23,state,233891,2545.86239,291,8815,14,0.0377,9187103,False,False
202038,2020-09-19,188,CE,,23,state,233600,2542.69491,650,8801,6,0.0377,9187103,False,False
202038,2020-09-18,187,CE,,23,state,232950,2535.61977,1440,8795,14,0.0378,9187103,False,False
202038,2020-09-17,186,CE,,23,state,231510,2519.94562,1104,8781,17,0.0379,9187103,False,False
202038,2020-09-16,185,CE,,23,state,230406,2507.92878,1156,8764,15,0.038,9187103,False,False
202038,2020-09-15,184,CE,,23,state,229250,2495.34592,1451,8749,51,0.0382,9187103,False,False
202038,2020-09-14,183,CE,,23,state,227799,2479.55204,350,8698,12,0.0382,9187103,False,False
202038,2020-09-13,182,CE,,23,state,227449,2475.74235,374,8686,1,0.0382,9187103,False,False
202037,2020-09-12,181,CE,,23,state,227075,2471.67143,1054,8685,2,0.0382,9187103,False,False
202037,2020-09-11,180,CE,,23,state,226021,2460.19882,1174,8683,26,0.0384,9187103,False,False
202037,2020-09-10,179,CE,,23,state,224847,2447.42004,984,8657,23,0.0385,9187103,False,False
202037,2020-09-09,178,CE,,23,state,223863,2436.70937,979,8634,46,0.0386,9187103,False,False
202037,2020-09-08,177,CE,,23,state,222884,2426.05313,411,8588,21,0.0385,9187103,False,False
202037,2020-09-07,176,CE,,23,state,222473,2421.57947,61,8567,1,0.0385,9187103,False,False
202037,2020-09-06,175,CE,,23,state,222412,2420.91549,233,8566,1,0.0385,9187103,False,False
202036,2020-09-05,174,CE,,23,state,222179,2418.37933,351,8565,2,0.0385,9187103,False,False
202036,2020-09-04,173,CE,,23,state,221828,2414.55876,1788,8563,31,0.0386,9187103,False,False
202036,2020-09-03,172,CE,,23,state,220040,2395.09669,1626,8532,51,0.0388,9187103,False,False
202036,2020-09-02,171,CE,,23,state,218414,2377.39797,1119,8481,22,0.0388,9187103,False,False
202036,2020-09-01,170,CE,,23,state,217295,2365.21785,2342,8459,50,0.0389,9187103,False,False
202036,2020-08-31,169,CE,,23,state,214953,2339.72559,496,8409,25,0.0391,9187103,False,False
202036,2020-08-30,168,CE,,23,state,214457,2334.32672,363,8384,2,0.0391,9187103,False,False
202035,2020-08-29,167,CE,,23,state,214094,2330.37553,856,8382,2,0.0392,9187103,False,False
202035,2020-08-28,166,CE,,23,state,213238,2321.05812,2185,8380,6,0.0393,9187103,False,False
202035,2020-08-27,165,CE,,23,state,211053,2297.27478,1690,8374,12,0.0397,9187103,False,False
202035,2020-08-26,164,CE,,23,state,209363,2278.87942,1732,8362,16,0.0399,9187103,False,False
202035,2020-08-25,163,CE,,23,state,207631,2260.02691,1756,8346,11,0.0402,9187103,False,False
202035,2020-08-24,162,CE,,23,state,205875,2240.91316,434,8335,46,0.0405,9187103,False,False
202035,2020-08-23,161,CE,,23,state,205441,2236.18914,510,8289,1,0.0403,9187103,False,False
202034,2020-08-22,160,CE,,23,state,204931,2230.63788,1932,8288,20,0.0404,9187103,False,False
202034,2020-08-21,159,CE,,23,state,202999,2209.6084,577,8268,23,0.0407,9187103,False,False
202034,2020-08-20,158,CE,,23,state,202422,2203.32786,1221,8245,4,0.0407,9187103,False,False
202034,2020-08-19,157,CE,,23,state,201201,2190.03749,1373,8241,39,0.041,9187103,False,False
202034,2020-08-18,156,CE,,23,state,199828,2175.09263,1576,8202,30,0.041,9187103,False,False
202034,2020-08-17,155,CE,,23,state,198252,2157.93814,561,8172,39,0.0412,9187103,False,False
202034,2020-08-16,154,CE,,23,state,197691,2151.83176,310,8133,4,0.0411,9187103,False,False
202033,2020-08-15,153,CE,,23,state,197381,2148.45746,714,8129,2,0.0412,9187103,False,False
202033,2020-08-14,152,CE,,23,state,196667,2140.6857,1369,8127,14,0.0413,9187103,False,False
202033,2020-08-13,151,CE,,23,state,195298,2125.78437,2646,8113,37,0.0415,9187103,False,False
202033,2020-08-12,150,CE,,23,state,192652,2096.98313,1112,8076,33,0.0419,9187103,False,False
202033,2020-08-11,149,CE,,23,state,191540,2084.87921,2517,8043,49,0.042,9187103,False,False
202033,2020-08-10,148,CE,,23,state,189023,2057.4821,385,7994,15,0.0423,9187103,False,False
202033,2020-08-09,147,CE,,23,state,188638,2053.29145,349,7979,25,0.0423,9187103,False,False
202032,2020-08-08,146,CE,,23,state,188289,2049.49264,1726,7954,8,0.0422,9187103,False,False
202032,2020-08-07,145,CE,,23,state,186563,2030.70544,2463,7946,25,0.0426,9187103,False,False
202032,2020-08-06,144,CE,,23,state,184100,2003.89611,1647,7921,48,0.043,9187103,False,False
202032,2020-08-05,143,CE,,23,state,182453,1985.96881,2477,7873,52,0.0432,9187103,False,False
202032,2020-08-04,142,CE,,23,state,179976,1959.0071,3004,7821,60,0.0435,9187103,False,False
202032,2020-08-03,141,CE,,23,state,176972,1926.30909,199,7761,51,0.0439,9187103,False,False
202032,2020-08-02,140,CE,,23,state,176773,1924.14301,402,7710,6,0.0436,9187103,False,False
202031,2020-08-01,139,CE,,23,state,176371,1919.76731,1709,7704,12,0.0437,9187103,False,False
202031,2020-07-31,138,CE,,23,state,174662,1901.16514,3097,7692,28,0.044,9187103,False,False
202031,2020-07-30,137,CE,,23,state,171565,1867.45484,2427,7664,16,0.0447,9187103,False,False
202031,2020-07-29,136,CE,,23,state,169138,1841.03738,3435,7648,32,0.0452,9187103,False,False
202031,2020-07-28,135,CE,,23,state,165703,1803.64801,3274,7616,107,0.046,9187103,False,False
202031,2020-07-27,134,CE,,23,state,162429,1768.01109,343,7509,15,0.0462,9187103,False,False
202031,2020-07-26,133,CE,,23,state,162086,1764.2776,242,7494,14,0.0462,9187103,False,False
202030,2020-07-25,132,CE,,23,state,161844,1761.64347,1891,7480,24,0.0462,9187103,False,False
202030,2020-07-24,131,CE,,23,state,159953,1741.06027,3688,7456,45,0.0466,9187103,False,False
202030,2020-07-23,130,CE,,23,state,156265,1700.91704,1884,7411,82,0.0474,9187103,False,False
202030,2020-07-22,129,CE,,23,state,154381,1680.41003,3309,7329,24,0.0475,9187103,False,False
202030,2020-07-21,128,CE,,23,state,151072,1644.39214,3254,7305,49,0.0484,9187103,False,False
202030,2020-07-20,127,CE,,23,state,147818,1608.97293,440,7256,77,0.0491,9187103,False,False
202030,2020-07-19,126,CE,,23,state,147378,1604.1836,406,7179,1,0.0487,9187103,False,False
202029,2020-07-18,125,CE,,23,state,146972,1599.76437,908,7178,12,0.0488,9187103,False,False
202029,2020-07-17,124,CE,,23,state,146064,1589.88095,2006,7166,27,0.0491,9187103,False,False
202029,2020-07-16,123,CE,,23,state,144058,1568.04599,2226,7139,58,0.0496,9187103,False,False
202029,2020-07-15,122,CE,,23,state,141832,1543.81637,2395,7081,104,0.0499,9187103,False,False
202029,2020-07-14,121,CE,,23,state,139437,1517.74722,2203,6977,2,0.05,9187103,False,False
202029,2020-07-13,120,CE,,23,state,137234,1493.76795,444,6975,106,0.0508,9187103,False,False
202029,2020-07-12,119,CE,,23,state,136790,1488.93509,789,6869,2,0.0502,9187103,False,False
202028,2020-07-11,118,CE,,23,state,136001,1480.34696,1391,6867,25,0.0505,9187103,False,False
202028,2020-07-10,117,CE,,23,state,134610,1465.20617,3286,6842,68,0.0508,9187103,False,False
202028,2020-07-09,116,CE,,23,state,131324,1429.43864,1726,6774,96,0.0516,9187103,False,False
202028,2020-07-08,115,CE,,23,state,129598,1410.65143,3456,6678,115,0.0515,9187103,False,False
202028,2020-07-07,114,CE,,23,state,126142,1373.03348,2748,6563,59,0.052,9187103,False,False
202028,2020-07-06,113,CE,,23,state,123394,1343.12198,1408,6504,65,0.0527,9187103,False,False
202028,2020-07-05,112,CE,,23,state,121986,1327.79615,522,6439,-2,0.0528,9187103,False,False
202027,2020-07-04,111,CE,,23,state,121464,1322.11427,3153,6441,68,0.053,9187103,False,False
202027,2020-07-03,110,CE,,23,state,118311,1287.79442,1792,6373,66,0.0539,9187103,False,False
202027,2020-07-02,109,CE,,23,state,116519,1268.28882,2481,6307,104,0.0541,9187103,False,False
202027,2020-07-01,108,CE,,23,state,114038,1241.28357,3555,6203,57,0.0544,9187103,False,False
202027,2020-06-30,107,CE,,23,state,110483,1202.58802,2258,6146,70,0.0556,9187103,False,False
202027,2020-06-29,106,CE,,23,state,108225,1178.01009,632,6076,81,0.0561,9187103,False,False
202027,2020-06-28,105,CE,,23,state,107593,1171.13088,529,5995,8,0.0557,9187103,False,False
202026,2020-06-27,104,CE,,23,state,107064,1165.37281,1794,5987,25,0.0559,9187103,False,False
202026,2020-06-26,103,CE,,23,state,105270,1145.84543,2152,5962,67,0.0566,9187103,False,False
202026,2020-06-25,102,CE,,23,state,103118,1122.42129,3540,5895,80,0.0572,9187103,False,False
202026,2020-06-24,101,CE,,23,state,99578,1083.88901,1523,5815,87,0.0584,9187103,False,False
202026,2020-06-23,100,CE,,23,state,98055,1067.31143,3347,5728,110,0.0584,9187103,False,False
202026,2020-06-22,99,CE,,23,state,94708,1030.87992,1842,5618,95,0.0593,9187103,False,False
202026,2020-06-21,98,CE,,23,state,92866,1010.83007,469,5523,3,0.0595,9187103,False,False
202025,2020-06-20,97,CE,,23,state,92397,1005.72509,1956,5520,23,0.0597,9187103,False,False
202025,2020-06-19,96,CE,,23,state,90441,984.43438,2309,5497,104,0.0608,9187103,False,False
202025,2020-06-18,95,CE,,23,state,88132,959.30132,2526,5393,86,0.0612,9187103,False,False
202025,2020-06-17,94,CE,,23,state,85606,931.80625,3437,5307,115,0.062,9187103,False,False
202025,2020-06-16,93,CE,,23,state,82169,894.39511,2316,5192,151,0.0632,9187103,False,False
202025,2020-06-15,92,CE,,23,state,79853,869.18586,3020,5041,156,0.0631,9187103,False,False
202025,2020-06-14,91,CE,,23,state,76833,836.31369,404,4885,56,0.0636,9187103,False,False
202024,2020-06-13,90,CE,,23,state,76429,831.91622,645,4829,17,0.0632,9187103,False,False
202024,2020-06-12,89,CE,,23,state,75784,824.89551,1092,4812,104,0.0635,9187103,False,False
202024,2020-06-11,88,CE,,23,state,74692,813.00928,2745,4708,189,0.063,9187103,False,False
202024,2020-06-10,87,CE,,23,state,71947,783.13044,2924,4519,160,0.0628,9187103,False,False
202024,2020-06-09,86,CE,,23,state,69023,751.30321,2805,4359,167,0.0632,9187103,False,False
202024,2020-06-08,85,CE,,23,state,66218,720.77128,1947,4192,210,0.0633,9187103,False,False
202024,2020-06-07,84,CE,,23,state,64271,699.57853,696,3982,17,0.062,9187103,False,False
202023,2020-06-06,83,CE,,23,state,63575,692.00269,1399,3965,58,0.0624,9187103,False,False
202023,2020-06-05,82,CE,,23,state,62176,676.77482,2381,3907,94,0.0628,9187103,False,False
202023,2020-06-04,81,CE,,23,state,59795,650.85806,3739,3813,208,0.0638,9187103,False,False
202023,2020-06-03,80,CE,,23,state,56056,610.1597,1373,3605,101,0.0643,9187103,False,False
202023,2020-06-02,79,CE,,23,state,54683,595.21484,4179,3504,316,0.0641,9187103,False,False
202023,2020-06-01,78,CE,,23,state,50504,549.72716,2015,3188,178,0.0631,9187103,False,False
202023,2020-05-31,77,CE,,23,state,48489,527.79424,667,3010,54,0.0621,9187103,False,False
202022,2020-05-30,76,CE,,23,state,47822,520.53406,9427,2956,97,0.0618,9187103,False,False
202022,2020-05-29,75,CE,,23,state,38395,417.92282,574,2859,126,0.0745,9187103,False,False
202022,2020-05-28,74,CE,,23,state,37821,411.67493,546,2733,62,0.0723,9187103,False,False
202022,2020-05-27,73,CE,,23,state,37275,405.73182,254,2671,68,0.0717,9187103,False,False
202022,2020-05-26,72,CE,,23,state,37021,402.96707,836,2603,110,0.0703,9187103,False,False
202022,2020-05-25,71,CE,,23,state,36185,393.86736,590,2493,169,0.0689,9187103,False,False
202022,2020-05-24,70,CE,,23,state,35595,387.44531,473,2324,16,0.0653,9187103,False,False
202021,2020-05-23,69,CE,,23,state,35122,382.29679,549,2308,57,0.0657,9187103,False,False
202021,2020-05-22,68,CE,,23,state,34573,376.32102,3160,2251,90,0.0651,9187103,False,False
202021,2020-05-21,67,CE,,23,state,31413,341.92498,853,2161,261,0.0688,9187103,False,False
202021,2020-05-20,66,CE,,23,state,30560,332.64022,2448,1900,44,0.0622,9187103,False,False
202021,2020-05-19,65,CE,,23,state,28112,305.99417,1749,1856,108,0.066,9187103,False,False
202021,2020-05-18,64,CE,,23,state,26363,286.95662,2108,1748,107,0.0663,9187103,False,False
202021,2020-05-17,63,CE,,23,state,24255,264.01141,460,1641,27,0.0677,9187103,False,False
202020,2020-05-16,62,CE,,23,state,23795,259.00439,736,1614,48,0.0678,9187103,False,False
202020,2020-05-15,61,CE,,23,state,23059,250.99316,1982,1566,153,0.0679,9187103,False,False
202020,2020-05-14,60,CE,,23,state,21077,229.41944,1921,1413,24,0.067,9187103,False,False
202020,2020-05-13,59,CE,,23,state,19156,208.50969,744,1389,109,0.0725,9187103,False,False
202020,2020-05-12,58,CE,,23,state,18412,200.41138,813,1280,91,0.0695,9187103,False,False
202020,2020-05-11,57,CE,,23,state,17599,191.56202,907,1189,75,0.0676,9187103,False,False
202020,2020-05-10,56,CE,,23,state,16692,181.68948,813,1114,52,0.0667,9187103,False,False
202019,2020-05-09,55,CE,,23,state,15879,172.84012,745,1062,65,0.0669,9187103,False,False
202019,2020-05-08,54,CE,,23,state,15134,164.73093,1246,997,94,0.0659,9187103,False,False
202019,2020-05-07,53,CE,,23,state,13888,151.16844,1578,903,54,0.065,9187103,False,False
202019,2020-05-06,52,CE,,23,state,12310,133.99218,840,849,54,0.069,9187103,False,False
202019,2020-05-05,51,CE,,23,state,11470,124.84893,430,795,83,0.0693,9187103,False,False
202019,2020-05-04,50,CE,,23,state,11040,120.16846,2661,712,35,0.0645,9187103,False,False
202019,2020-05-03,49,CE,,23,state,8379,91.20394,70,677,39,0.0808,9187103,False,False
202018,2020-05-02,48,CE,,23,state,8309,90.442,309,638,99,0.0768,9187103,False,False
202018,2020-05-01,47,CE,,23,state,8000,87.07859,139,539,47,0.0674,9187103,False,False
202018,2020-04-30,46,CE,,23,state,7861,85.5656,452,492,42,0.0626,9187103,False,False
202018,2020-04-29,45,CE,,23,state,7409,80.64566,424,450,33,0.0607,9187103,False,False
202018,2020-04-28,44,CE,,23,state,6985,76.0305,202,417,20,0.0597,9187103,False,False
202018,2020-04-27,43,CE,,23,state,6783,73.83176,523,397,21,0.0585,9187103,False,False
202018,2020-04-26,42,CE,,23,state,6260,68.139,593,376,50,0.0601,9187103,False,False
202017,2020-04-25,41,CE,,23,state,5667,61.6843,546,326,33,0.0575,9187103,False,False
202017,2020-04-24,40,CE,,23,state,5121,55.74118,419,293,22,0.0572,9187103,False,False
202017,2020-04-23,39,CE,,23,state,4702,51.18044,586,271,32,0.0576,9187103,False,False
202017,2020-04-22,38,CE,,23,state,4116,44.80194,434,239,18,0.0581,9187103,False,False
202017,2020-04-21,37,CE,,23,state,3682,40.07792,197,221,15,0.06,9187103,False,False
202017,2020-04-20,36,CE,,23,state,3485,37.93361,179,206,17,0.0591,9187103,False,False
202017,2020-04-19,35,CE,,23,state,3306,35.98523,244,189,9,0.0572,9187103,False,False
202016,2020-04-18,34,CE,,23,state,3062,33.32933,315,180,25,0.0588,9187103,False,False
202016,2020-04-17,33,CE,,23,state,2747,29.90061,335,155,20,0.0564,9187103,False,False
202016,2020-04-16,32,CE,,23,state,2412,26.2542,121,135,11,0.056,9187103,False,False
202016,2020-04-15,31,CE,,23,state,2291,24.93713,221,124,13,0.0541,9187103,False,False
202016,2020-04-14,30,CE,,23,state,2070,22.53159,135,111,10,0.0536,9187103,False,False
202016,2020-04-13,29,CE,,23,state,1935,21.06213,188,101,25,0.0522,9187103,False,False
202016,2020-04-12,28,CE,,23,state,1747,19.01579,79,76,2,0.0435,9187103,False,False
202015,2020-04-11,27,CE,,23,state,1668,18.15589,110,74,7,0.0444,9187103,False,False
202015,2020-04-10,26,CE,,23,state,1558,16.95856,113,67,10,0.043,9187103,False,False
202015,2020-04-09,25,CE,,23,state,1445,15.72857,51,57,0,0.0394,9187103,False,False
202015,2020-04-08,24,CE,,23,state,1394,15.17344,206,57,17,0.0409,9187103,False,False
202015,2020-04-07,23,CE,,23,state,1188,12.93117,143,40,5,0.0337,9187103,False,False
202015,2020-04-06,22,CE,,23,state,1045,11.37464,85,35,0,0.0335,9187103,False,False
202015,2020-04-05,21,CE,,23,state,960,10.44943,215,35,12,0.0365,9187103,False,False
202014,2020-04-04,20,CE,,23,state,745,8.10919,87,23,1,0.0309,9187103,False,False
202014,2020-04-03,19,CE,,23,state,658,7.16221,95,22,1,0.0334,9187103,False,False
202014,2020-04-02,18,CE,,23,state,563,6.12816,118,21,12,0.0373,9187103,False,False
202014,2020-04-01,17,CE,,23,state,445,4.84375,44,9,2,0.0202,9187103,False,False
202014,2020-03-31,16,CE,,23,state,401,4.36481,19,7,2,0.0175,9187103,False,False
202014,2020-03-30,15,CE,,23,state,382,4.158,23,5,0,0.0131,9187103,False,False
202014,2020-03-29,14,CE,,23,state,359,3.90765,37,5,1,0.0139,9187103,False,False
202013,2020-03-28,13,CE,,23,state,322,3.50491,40,4,1,0.0124,9187103,False,False
202013,2020-03-27,12,CE,,23,state,282,3.06952,45,3,0,0.0106,9187103,False,False
202013,2020-03-26,11,CE,,23,state,237,2.5797,26,3,3,0.0127,9187103,False,False
202013,2020-03-25,10,CE,,23,state,211,2.2967,26,0,0,0.0,9187103,False,False
202013,2020-03-24,9,CE,,23,state,185,2.01369,21,0,0,0.0,9187103,False,False
202013,2020-03-23,8,CE,,23,state,164,1.78511,39,0,0,0.0,9187103,False,False
202013,2020-03-22,7,CE,,23,state,125,1.3606,41,0,0,0.0,9187103,False,False
202012,2020-03-21,6,CE,,23,state,84,0.91433,16,0,0,0.0,9187103,False,False
202012,2020-03-20,5,CE,,23,state,68,0.74017,44,0,0,0.0,9187103,False,False
202012,2020-03-19,4,CE,,23,state,24,0.26124,5,0,0,0.0,9187103,False,False
202012,2020-03-18,3,CE,,23,state,19,0.20681,9,0,0,0.0,9187103,False,False
202012,2020-03-17,2,CE,,23,state,10,0.10885,1,0,0,0.0,9187103,False,False
202012,2020-03-16,1,CE,,23,state,9,0.09796,9,0,0,0.0,9187103,False,False
